Facility ID,Score
50280,0.97
80003,1.01
141328,Not Available
190267,1.23
220010,1
230269,0.97
250060,1
281309,Not Available
330044,1.02
331303,Not Available
390013,0.95
391305,Not Available
451386,Not Available
520113,0.89
521325,Not Available
240104,0.87
60131,Not Available
101303,Not Available
10138,1.15
241328,Not Available
340187,1.01
150082,1.04
180036,1
113301,Not Available
330106,1.02
291300,Not Available
441322,Not Available
451392,Not Available
171326,Not Available
161371,Not Available
453313,Not Available
263301,Not Available
100154,1.08
521307,Not Available
510013,0.96
450299,1.02
201311,Not Available
150115,0.94
181311,Not Available
231307,Not Available
450203,1.12
160058,0.98
60103,0.98
450023,1.14
290009,0.88
450876,1.01
111327,Not Available
161339,Not Available
50230,1.06
320017,1
151307,Not Available
30083,0.97
330250,0.95
191301,Not Available
140197,1.07
140150,1.02
250097,1.01
250136,Not Available
521318,Not Available
351301,Not Available
450890,1.08
510024,1.05
371317,Not Available
100055,1.02
450573,1
510071,0.98
251333,Not Available
21307,Not Available
251326,Not Available
340148,0.9
231322,Not Available
240014,0.84
161324,Not Available
230085,0.85
171374,Not Available
330004,1.06
230239,0.85
471304,Not Available
420005,0.89
450788,1.02
190079,0.91
380082,0.92
230002,0.97
250019,1.09
450148,1.04
451371,Not Available
50586,0.88
440040,0.85
170200,0.91
140007,1.11
50169,0.96
420015,0.99
450647,1.02
181324,Not Available
390004,1.14
360156,1
260210,0.92
330226,0.91
141310,Not Available
100243,0.97
110006,0.95
331301,Not Available
490042,0.94
390084,1.03
420086,0.98
50135,1.28
60100,1.01
450399,1.03
111334,Not Available
41320,Not Available
270049,0.96
380071,0.81
210019,Not Available
101304,Not Available
191318,Not Available
150061,1.15
441305,Not Available
440133,1.02
330023,0.97
281356,Not Available
50737,1.14
193301,Not Available
271330,Not Available
261313,Not Available
271311,Not Available
450351,1.04
131309,Not Available
110109,0.87
220135,0.97
50548,Not Available
281319,Not Available
390036,1.04
450617,1.06
41303,Not Available
281303,Not Available
110069,0.99
10001,1.01
450143,0.95
140177,1.08
251320,Not Available
670095,Not Available
100087,1.04
390323,0.96
51303,Not Available
61319,Not Available
190312,1.05
150021,0.99
220063,0.99
220036,1.04
20001,0.91
170186,0.96
170194,1.06
140013,0.95
360172,1.12
180088,1.01
50589,1.13
451367,Not Available
50191,1.06
241380,Not Available
260047,0.95
200019,0.94
420049,0.93
140223,1.05
230264,Not Available
450694,1.01
390201,1.01
190025,1.11
360230,0.99
50336,0.94
110146,0.89
31300,Not Available
420051,0.98
140252,1.1
450462,1.08
50744,1.13
450677,0.97
140125,0.97
250151,0.93
271343,Not Available
51332,Not Available
340075,0.95
100062,1.05
500051,0.92
351321,Not Available
210058,Not Available
111302,Not Available
241340,Not Available
231330,Not Available
340001,0.99
171336,Not Available
160033,0.96
30013,1
231317,Not Available
370216,0.94
460043,Not Available
520027,0.97
490144,0.97
70004,0.91
100012,1.02
450834,0.93
150011,0.98
201314,Not Available
40078,1.06
50036,0.99
241361,Not Available
290046,1.12
130028,0.96
440235,1.17
490090,0.96
330079,0.92
450079,1.02
170039,0.86
431328,Not Available
300003,1.01
520062,1
440070,1.05
271326,Not Available
361320,Not Available
260094,0.93
260142,0.85
330386,0.98
230195,1.03
390237,1.01
161313,Not Available
321310,Not Available
301303,Not Available
381313,Not Available
390147,0.96
171358,Not Available
370094,1.03
380014,0.94
110209,1.24
280065,0.96
341326,Not Available
500129,0.93
360125,1.07
340023,0.94
281351,Not Available
160016,0.89
390052,0.98
160110,0.89
50099,1.02
340014,0.96
171308,Not Available
220015,1
670121,Not Available
450272,1.04
241378,Not Available
450092,1.1
360014,0.92
100030,0.99
130071,0.92
310003,0.99
170175,0.91
310010,0.99
230046,0.98
450087,1.09
10011,1.04
181323,Not Available
360036,0.95
521350,Not Available
100289,0.97
340158,0.89
140234,0.96
50496,0.95
30024,1.03
231312,Not Available
250067,0.92
41317,Not Available
171331,Not Available
231327,Not Available
330153,0.92
140091,0.99
50261,0.96
141343,Not Available
100298,Not Available
490116,1.04
50455,1
61308,Not Available
390123,0.99
50714,0.89
460014,1.05
260091,0.96
220095,1.05
190184,0.94
523302,Not Available
380091,0.8
330193,1.12
170110,0.93
60028,0.95
180103,1.07
530032,0.96
501311,Not Available
50017,0.94
61343,Not Available
150044,1.02
40029,1.02
60001,1
161307,Not Available
511319,Not Available
521339,Not Available
120006,0.89
100267,1.02
380022,0.85
511311,Not Available
140162,0.92
161356,Not Available
520100,0.96
451301,Not Available
440187,1.08
161367,Not Available
10021,0.98
241323,Not Available
180141,1.06
340173,0.96
520177,0.98
131303,Not Available
190160,1.07
160124,0.92
361306,Not Available
390195,0.98
460058,0.97
180046,0.94
440033,1.06
171348,Not Available
531309,Not Available
501305,Not Available
50279,0.93
10109,0.96
450871,1.06
180016,0.88
360058,0.99
381325,Not Available
350063,0.68
431311,Not Available
501321,Not Available
140082,1.14
290001,0.98
310024,1.14
190040,0.94
521322,Not Available
150051,1
50763,1.42
340143,0.97
230095,0.97
371302,Not Available
670006,1.02
371340,Not Available
403301,Not Available
360082,1
450883,1.15
450196,1.06
450597,1.1
50784,Not Available
410004,1.01
371337,Not Available
30088,0.97
320006,0.95
330406,0.91
360059,0.98
450656,1.08
350002,0.9
181331,Not Available
451307,Not Available
200063,0.91
50684,1
460023,0.92
520095,0.86
241312,Not Available
360179,0.99
140143,1.01
230015,0.85
100127,1.03
251302,Not Available
390030,0.99
80007,0.98
261335,Not Available
371309,Not Available
331315,Not Available
141349,Not Available
240044,0.87
531314,Not Available
261320,Not Available
201304,Not Available
310070,1.01
50561,0.98
400061,Not Available
141306,Not Available
490020,1.01
440009,0.97
503302,Not Available
100167,1.04
150090,1.04
420078,1.02
521311,Not Available
670023,1.14
271307,Not Available
290056,1.2
240187,0.91
141334,Not Available
70025,0.99
450774,1.03
210049,Not Available
370002,1
221300,Not Available
440125,0.94
270014,0.91
381310,Not Available
190050,1.01
150146,0.93
490046,0.91
100040,0.99
110011,1.02
390093,0.99
461310,Not Available
390314,0.9
171381,Not Available
281341,Not Available
330286,1.09
110075,1.02
370211,0.96
130007,0.97
220060,0.98
330166,Not Available
50149,0.96
501338,Not Available
391301,Not Available
230108,0.85
50769,0.93
150168,0.94
30111,0.93
240056,0.93
161377,Not Available
140292,1.09
110040,0.95
450046,1.1
423300,Not Available
260032,1.01
161328,Not Available
61323,Not Available
370049,0.98
281335,Not Available
100206,1
373300,Not Available
31305,Not Available
131321,Not Available
50327,1
371305,Not Available
140210,1.01
450709,1.12
190015,1.15
360026,0.99
101310,Not Available
33302,Not Available
191313,Not Available
440152,1.05
241346,Not Available
491303,Not Available
361326,Not Available
400113,Not Available
260004,0.86
371322,Not Available
110234,1.03
390228,0.98
310096,0.96
340069,1.01
400120,Not Available
451343,Not Available
230121,0.9
431332,Not Available
261318,Not Available
450484,0.99
210040,Not Available
271322,Not Available
141317,Not Available
140058,0.97
320085,1.04
450101,1.04
281307,Not Available
190133,0.96
390133,0.99
10087,1
340099,0.93
520013,0.96
241357,Not Available
151330,Not Available
171315,Not Available
363305,Not Available
500037,0.75
450848,0.97
100099,1.03
161311,Not Available
480001,Not Available
70040,Not Available
230059,0.95
100231,0.97
390156,0.97
50367,0.98
10046,0.97
670088,0.97
110132,0.86
100316,1.02
530011,0.91
360001,0.99
440003,1
120022,0.97
50058,1.09
171353,Not Available
370201,0.88
230036,0.94
220008,1.04
450211,1.02
451322,Not Available
180009,0.97
430089,0.88
173300,Not Available
210055,Not Available
330241,1.01
150179,0.86
171341,Not Available
151325,Not Available
370083,0.98
390065,0.98
453310,Not Available
50082,0.96
450055,1
230277,1.03
360089,0.9
450662,1.03
451338,Not Available
181319,Not Available
161345,Not Available
50116,1.05
440061,1.16
240214,0.86
51314,Not Available
521354,Not Available
151304,Not Available
271347,Not Available
260176,0.95
230217,0.91
330115,0.88
170103,0.95
220084,0.96
670061,0.85
490112,0.99
330102,1.01
451357,Not Available
50438,0.98
190255,0.88
450015,0.91
450010,1.12
240030,0.92
10078,1.05
210028,Not Available
170017,0.99
141339,Not Available
521357,Not Available
180138,0.93
280111,0.98
510086,0.73
260186,0.9
141301,Not Available
171363,Not Available
161352,Not Available
400003,Not Available
10049,1.02
420068,1.01
330215,0.94
520049,0.95
461335,Not Available
210004,Not Available
500084,0.9
61304,Not Available
340030,0.96
41329,Not Available
440102,1.1
450039,1.06
531313,Not Available
300029,1.01
50290,0.98
171369,Not Available
363304,Not Available
10102,0.93
121306,Not Available
160047,0.94
93300,Not Available
461301,Not Available
360359,1.01
520136,1
390025,0.71
370020,1.02
503301,Not Available
150008,1.1
361310,Not Available
520194,0.89
10029,0.94
181301,Not Available
450388,1.05
281364,Not Available
251317,Not Available
330403,Not Available
520087,0.98
450184,1.03
360266,0.93
341314,Not Available
493300,Not Available
51319,Not Available
381321,Not Available
190183,0.9
161300,Not Available
400132,Not Available
320001,1.06
330090,0.98
521310,Not Available
220175,1.03
501325,Not Available
230100,0.87
370047,0.98
31318,Not Available
310044,1.06
190046,1.02
360077,1.02
180024,1
150024,1.02
450825,0.81
360051,1.02
301311,Not Available
90003,0.95
451352,Not Available
251330,Not Available
670112,1.07
100106,1.03
350011,0.97
420070,1
501318,Not Available
371313,Not Available
250036,0.89
320061,0.79
50239,1.03
390116,1.01
50696,1
460041,1.02
201303,Not Available
390331,0.96
351309,Not Available
30006,1.01
310060,0.91
440104,1.06
210032,Not Available
271332,Not Available
670041,1.07
400079,Not Available
150100,0.99
261331,Not Available
200033,1
141338,Not Available
490130,0.9
241347,Not Available
53301,Not Available
150084,1.04
400022,Not Available
360109,0.87
410008,0.94
60044,0.96
100226,1.04
161381,Not Available
250044,0.95
110023,0.93
70031,1.01
100046,0.99
390101,1.09
100134,0.91
30043,0.93
50159,0.95
440002,1.08
310017,1.09
360068,1.04
191304,Not Available
451330,Not Available
390223,1
150058,0.99
143301,Not Available
490013,0.94
493301,Not Available
381306,Not Available
241313,Not Available
171316,Not Available
161325,Not Available
370078,1.03
431315,Not Available
440183,1.02
281322,Not Available
450651,1.14
360002,0.97
271319,Not Available
191310,Not Available
330276,0.94
110044,0.94
50204,1.01
140200,1.01
431310,Not Available
223302,Not Available
521315,Not Available
371325,Not Available
440053,0.99
270074,0.63
240001,0.92
40018,0.94
161332,Not Available
501331,Not Available
123301,Not Available
140065,1.07
341329,Not Available
440227,0.97
110082,0.95
320018,1.04
281331,Not Available
421300,Not Available
260023,1.01
50775,0.95
50526,1.14
461306,Not Available
30115,0.92
310051,1.04
170176,1.01
261306,Not Available
210056,Not Available
100175,0.98
310031,1.03
103300,Not Available
51307,Not Available
360016,1.03
190241,1.35
310073,1.05
451316,Not Available
390163,0.96
450518,1.14
60119,1
100254,0.99
440161,0.98
210011,Not Available
390058,1.02
151317,Not Available
380005,0.91
380029,0.85
330196,1.11
500003,0.93
240206,Not Available
260180,0.98
400125,Not Available
131313,Not Available
170012,1.02
40007,1.02
530008,0.89
10039,1.01
140103,1.01
453304,Not Available
141321,Not Available
500014,0.94
400014,Not Available
230133,0.85
281311,Not Available
150074,1.02
180139,0.84
50380,1.03
100286,0.98
210008,Not Available
451381,Not Available
670060,1.11
321300,Not Available
161349,Not Available
10092,1
171349,Not Available
520004,0.92
110125,0.96
20018,0.8
260068,0.97
60013,0.96
530025,0.94
150158,0.95
171311,Not Available
450108,0.98
111312,Not Available
361304,Not Available
50054,1.03
490004,0.91
100073,1.03
190007,1.17
160005,0.9
490101,0.95
100307,1
351333,Not Available
50360,0.97
140030,1.02
291306,Not Available
331311,Not Available
50125,0.97
670078,0.64
390070,0.99
370210,0.94
520206,0.94
450068,1.04
410012,0.98
213300,Not Available
30110,1.02
171307,Not Available
430095,0.96
500031,0.95
340166,0.95
280013,1.01
451342,Not Available
310118,1.05
40152,1.02
450229,1.06
240084,0.82
230071,1.13
531308,Not Available
171382,Not Available
440151,1.04
420106,0.95
471307,Not Available
50060,0.99
190099,1.11
500072,0.93
50492,1.03
250123,1.02
190303,1.17
510055,0.99
161364,Not Available
10110,1.27
340114,0.94
50110,0.99
151300,Not Available
220075,0.98
360197,0.98
500124,0.95
511301,Not Available
520038,0.89
400010,Not Available
390272,0.75
10168,0.94
501302,Not Available
201307,Not Available
190116,1.04
330188,0.93
361321,Not Available
490063,1
520059,0.96
260108,0.97
441309,Not Available
280127,0.85
131326,Not Available
43301,Not Available
141305,Not Available
470003,1
370028,1.03
450586,0.93
370014,1.07
670069,1.12
191325,Not Available
10056,1.04
330127,1
440018,1.07
521342,Not Available
501335,Not Available
270003,0.89
230030,1.01
241304,Not Available
241352,Not Available
40076,0.88
501314,Not Available
161359,Not Available
340017,0.95
670120,1.1
460001,1.02
241367,Not Available
160079,0.88
50570,1.08
110031,1.01
370227,0.85
290022,1.14
220030,0.97
50633,0.96
30131,0.91
500151,0.88
161335,Not Available
390180,1.06
390001,1.01
150035,1.08
100051,0.95
180035,1.02
490119,0.92
450032,1.05
450346,1.03
251313,Not Available
521330,Not Available
181307,Not Available
230077,1
360351,0.97
100113,1.02
451375,Not Available
450162,1
510006,0.93
231318,Not Available
351324,Not Available
450828,1.1
190278,0.98
31312,Not Available
161320,Not Available
450639,1.05
231303,Not Available
53305,Not Available
380052,0.93
471300,Not Available
151311,Not Available
340127,0.89
50468,1.17
430016,0.98
210037,Not Available
510038,0.92
521347,Not Available
370153,0.84
330009,0.96
120005,0.93
140012,0.9
330265,0.88
171373,Not Available
490052,1.01
50118,0.95
271300,Not Available
420023,0.98
50248,1.01
250009,0.98
450558,1.13
360148,0.87
300018,0.99
160083,0.96
390042,0.97
261338,Not Available
241366,Not Available
60065,0.99
150109,0.98
40067,1.03
390185,1.05
60132,Not Available
390073,1.1
420098,0.95
450419,0.99
41324,Not Available
330234,1.12
180078,0.94
50603,0.99
140080,1.05
100217,1
200024,1.01
390012,0.96
451348,Not Available
390183,0.9
200041,0.97
450718,1.05
231337,Not Available
21312,Not Available
41307,Not Available
191306,Not Available
400103,Not Available
331305,Not Available
450370,1.17
220111,1.04
30030,1.05
50724,0.98
140115,1.02
110050,0.8
250093,1.02
151322,Not Available
451334,Not Available
111323,Not Available
50174,0.99
371329,Not Available
51324,Not Available
250001,1.02
390326,0.91
180064,0.99
280134,1.05
230093,0.88
450132,1.1
220071,1.01
281314,Not Available
370112,0.96
100142,1.07
11305,Not Available
370172,0.82
360009,1.04
451312,Not Available
171321,Not Available
50192,0.92
670103,1.04
251325,Not Available
110121,0.93
330003,0.87
360123,1.01
521302,Not Available
140182,1.01
150004,1.09
230241,0.96
121302,Not Available
431337,Not Available
100180,1.09
451363,Not Available
440194,0.95
230054,1.02
110001,0.94
50588,1.12
380040,0.88
60009,0.96
271339,Not Available
110164,0.99
100069,0.99
340049,0.86
30101,0.92
191321,Not Available
450431,1.03
230174,0.96
140155,0.95
50305,1.01
70008,1.02
670054,1.04
260057,1.04
261323,Not Available
390211,0.97
210063,Not Available
450747,1.03
351316,Not Available
460051,1.02
151315,Not Available
50042,0.92
450670,1.15
290039,1.08
330140,0.93
360245,0.83
431305,Not Available
250061,0.84
330201,1.06
140280,0.94
10118,0.99
60114,1
210016,Not Available
100296,0.99
70017,0.98
241318,Not Available
381317,Not Available
100019,1.06
40114,1.02
420110,Not Available
161317,Not Available
271314,Not Available
50070,0.78
110095,0.93
390139,1
420065,1
100277,0.79
210003,Not Available
520034,0.92
440060,1.04
280032,0.95
190202,1
130066,0.93
341322,Not Available
280105,0.93
50506,1.02
500025,0.98
140040,1
30069,0.92
171362,Not Available
450865,1.1
261310,Not Available
100081,1.07
260064,0.88
340087,0.92
151333,Not Available
321306,Not Available
360134,1.01
50301,0.88
170074,0.95
490077,0.94
420037,0.92
240036,0.95
20006,0.79
150165,1.06
30071,0.73
61313,Not Available
450686,1.04
371333,Not Available
230020,1.05
110229,0.98
431322,Not Available
520109,0.86
450237,1.08
361333,Not Available
330080,0.93
241372,Not Available
50350,1.03
150153,0.95
110191,0.99
330055,1.03
250078,1.01
450678,1.1
291311,Not Available
370236,1
161303,Not Available
670128,Not Available
30014,1.04
231316,Not Available
320038,0.85
41312,Not Available
160032,0.89
361315,Not Available
650003,Not Available
220020,0.97
50407,0.81
140224,1.03
330065,0.94
340050,0.91
10005,1.01
520071,0.86
171340,Not Available
441314,Not Available
391314,Not Available
140002,0.92
500054,1
180116,1.06
141316,Not Available
50008,0.95
390304,1.01
100248,1.12
490033,0.86
360368,Not Available
260137,0.99
240075,0.84
450080,1.04
170027,0.98
521335,Not Available
531304,Not Available
50704,1.2
460009,1.03
50748,0.94
50103,1.02
10150,0.9
390113,0.98
310083,1.16
381302,Not Available
241335,Not Available
180115,1.03
360218,0.97
40047,1.03
511307,Not Available
281347,Not Available
340096,0.94
330239,0.97
220105,0.98
450855,0.97
511315,Not Available
390150,0.93
450804,0.91
171301,Not Available
320084,0.98
380017,0.92
200039,0.98
390006,1.03
670125,Not Available
340024,0.88
50096,1.53
180010,1.03
130073,Not Available
171344,Not Available
450056,1.05
331302,Not Available
360121,1.13
230037,0.91
360013,1.02
391306,Not Available
50069,1
361319,Not Available
340156,0.9
140239,1
41302,Not Available
50503,0.97
10012,1.02
521351,Not Available
110027,1.05
41318,Not Available
440231,Not Available
10114,1.02
50262,1.02
390037,1.04
390137,1.15
453311,Not Available
390050,1.07
30016,0.92
50717,0.97
460015,0.9
110071,0.96
50454,0.98
490113,0.95
393302,Not Available
330394,0.94
370173,0.8
241334,Not Available
370180,0.81
521336,Not Available
61344,Not Available
501310,Not Available
531305,Not Available
271304,Not Available
50022,1.05
50757,1.03
390324,0.83
180102,1
281334,Not Available
161308,Not Available
430012,0.93
61314,Not Available
50779,0.98
100122,1.01
450422,1.05
360161,1.08
511312,Not Available
370023,0.97
300011,1.03
110032,0.91
440197,1.02
11306,Not Available
150045,1
40027,0.96
520098,0.97
390197,1
140217,1.14
400122,Not Available
260048,0.9
240106,0.98
140117,1.16
100057,0.95
360234,1.01
231331,Not Available
100156,1.02
150125,1.09
521303,Not Available
50272,0.96
450489,0.94
230130,0.99
370218,0.98
161340,Not Available
210043,Not Available
180154,Not Available
231306,Not Available
190140,1.17
450840,1.04
500036,0.91
320003,0.83
40088,1.03
50231,1
150056,1.03
50764,0.92
431333,Not Available
241362,Not Available
250099,1.01
521323,Not Available
250138,1
351302,Not Available
291313,Not Available
21308,Not Available
230279,0.76
130025,1
450668,1.03
181332,Not Available
450889,1.08
271327,Not Available
290045,1.05
490092,0.85
330028,1.04
301304,Not Available
450775,1.08
190081,0.96
330332,1.1
80006,1.02
201300,Not Available
260095,1.02
230193,0.96
390256,1.01
451374,Not Available
321307,Not Available
230017,0.94
171377,Not Available
381314,Not Available
440034,0.95
120026,0.95
181325,Not Available
100128,1
341323,Not Available
121308,Not Available
420048,0.98
140137,0.92
141348,Not Available
261328,Not Available
310006,1.04
281350,Not Available
50136,0.94
430097,0.95
310054,1.09
250020,1.05
260195,0.94
151326,Not Available
210022,Not Available
181318,Not Available
110007,0.94
370018,1.05
110100,0.87
140294,0.98
101305,Not Available
510077,0.79
100039,1.08
131317,Not Available
281362,Not Available
440130,1.1
261314,Not Available
420109,0.85
313300,Not Available
100189,1.04
150149,Not Available
450634,1.03
281320,Not Available
330073,0.94
450369,0.98
241379,Not Available
111324,Not Available
400011,Not Available
100088,1.02
120007,0.99
110087,0.96
281300,Not Available
170020,0.95
281357,Not Available
441310,Not Available
500152,0.94
150169,1.05
171319,Not Available
250050,1
141329,Not Available
500050,0.9
501337,Not Available
50084,0.98
43300,Not Available
140049,1.02
100268,1.11
50179,1
521356,Not Available
171309,Not Available
140164,1.04
10055,1.02
180056,1.05
240019,1.04
10079,1.01
140286,0.99
60003,1.03
240057,0.95
30121,0.99
340188,0.89
161372,Not Available
470001,0.91
190026,1.06
100179,1.03
51309,Not Available
180038,1
50295,0.98
161357,Not Available
400019,Not Available
50075,0.98
10139,1.07
431308,Not Available
340061,0.98
491304,Not Available
450872,0.99
431318,Not Available
520076,0.93
450460,0.87
451328,Not Available
50393,1.09
361329,Not Available
351318,Not Available
361323,Not Available
40014,1.02
50335,0.86
70018,1.01
380001,0.9
453316,Not Available
450024,1.03
60104,0.96
331319,Not Available
520021,0.97
283301,Not Available
360131,1.06
50411,0.85
510023,1
360081,1.04
520008,1.03
191302,Not Available
50030,0.82
490032,0.99
100110,1.01
10040,1.06
440081,0.91
171359,Not Available
240064,0.92
151308,Not Available
30078,0.79
230089,0.93
30134,0.88
440072,1.04
340107,0.96
100168,1.05
240018,0.89
330259,1.16
260216,0.95
363306,Not Available
100008,1.03
451361,Not Available
670055,1.07
280077,0.95
420010,0.98
360362,0.92
260160,0.88
10062,0.99
390157,1.12
420053,0.96
450644,1.12
371310,Not Available
440006,1.06
141311,Not Available
230047,1.02
450034,1.05
390071,0.89
450697,1.09
370097,0.95
201315,Not Available
170201,Not Available
370089,0.98
340032,0.96
20017,0.89
160112,0.9
450213,1.04
370199,Not Available
110018,1.06
370034,0.92
50547,Not Available
360155,1
450271,1.16
261332,Not Available
490048,1.02
360259,0.95
270051,0.95
220012,0.99
40153,0.92
100244,1.04
490021,0.95
320065,0.95
51315,Not Available
50599,0.95
330222,0.9
111335,Not Available
450400,1.09
41323,Not Available
191315,Not Available
370029,0.89
171342,Not Available
400087,Not Available
451341,Not Available
40019,0.88
50224,1
151303,Not Available
290057,1.11
453301,Not Available
10128,1.03
310002,1.06
440063,1.03
521355,Not Available
210051,Not Available
371311,Not Available
450742,1.11
60075,1.02
521332,Not Available
261319,Not Available
271308,Not Available
380102,0.9
220086,1.02
360003,1.08
281325,Not Available
360348,0.91
100299,1.07
100253,0.99
301307,Not Available
170196,0.95
251322,Not Available
330119,1.04
451356,Not Available
50426,1.04
370212,1.02
330103,0.94
370166,0.93
360085,1.02
390125,1.05
351313,Not Available
431316,Not Available
371321,Not Available
390270,1
21302,Not Available
391302,Not Available
50129,1.03
140174,0.98
330221,0.95
500079,0.92
220046,1.03
210005,Not Available
150022,0.89
430005,0.9
61318,Not Available
450007,1.02
520208,1.01
400006,Not Available
180092,0.93
161327,Not Available
450044,0.96
230222,0.96
190313,0.98
490117,0.85
171364,Not Available
51333,Not Available
241329,Not Available
290005,1.05
50742,1.17
100209,1.02
451391,Not Available
100329,1.05
241305,Not Available
390231,0.96
360095,1
140127,0.95
50528,0.95
501304,Not Available
390203,0.96
191314,Not Available
190151,1.01
241308,Not Available
50636,0.96
140251,1.11
180017,0.97
131304,Not Available
111330,Not Available
251316,Not Available
241343,Not Available
501320,Not Available
100052,1.03
341311,Not Available
350064,Not Available
251337,Not Available
450137,1.07
70003,1.1
140209,0.96
241341,Not Available
160040,0.98
281306,Not Available
251336,Not Available
250167,0.94
431329,Not Available
50785,Not Available
140059,1.08
271323,Not Available
451300,Not Available
430077,1
150001,0.96
320009,0.97
171375,Not Available
510058,1.04
151331,Not Available
420018,1.02
241358,Not Available
400135,Not Available
61303,Not Available
231325,Not Available
150012,0.99
450851,0.97
73300,Not Available
50515,0.78
450152,1.02
341318,Not Available
381304,Not Available
190006,0.98
210035,Not Available
100232,1.02
50124,1.04
670090,1.31
171312,Not Available
440046,1
110135,1.07
393309,Not Available
321302,Not Available
390028,1.06
111311,Not Available
450658,0.97
490098,0.92
450801,1.06
300023,0.95
400098,Not Available
50055,0.91
40132,Not Available
140008,1.04
160028,0.93
430090,0.87
450348,1.1
451320,Not Available
150181,0.88
241375,Not Available
150162,1
50738,1.3
360029,1.02
390066,1.03
420087,1
171332,Not Available
100032,1.09
250117,0.96
440012,1.01
51328,Not Available
70024,1.03
131315,Not Available
271329,Not Available
450085,0.99
440010,1.02
400048,Not Available
141307,Not Available
170146,0.91
220163,1.03
440137,0.98
100290,1.06
240080,0.98
330160,1.04
140093,1.02
231328,Not Available
390096,1.01
190053,1.08
271346,Not Available
370004,0.99
231313,Not Available
381309,Not Available
141344,Not Available
200001,0.94
190098,1.05
141333,Not Available
360064,1.06
340013,0.92
340115,0.92
50112,1.02
260078,0.91
510001,1.06
110079,0.98
670068,1.01
330057,0.93
170120,0.96
190190,0.94
111318,Not Available
220052,0.94
520051,0.95
310022,1.02
190256,1.19
30114,0.94
60030,1.02
441304,Not Available
330270,0.93
461333,Not Available
330162,0.95
150091,0.92
451305,Not Available
260027,1.03
151313,Not Available
340070,0.9
140046,1
511318,Not Available
281338,Not Available
380021,0.92
130013,0.9
140015,0.94
310061,1.04
220090,1.01
141300,Not Available
361307,Not Available
450711,0.96
520189,0.98
200020,0.99
501332,Not Available
100001,0.99
110161,0.98
50324,1
531312,Not Available
310032,1.08
161368,Not Available
10019,1.05
171327,Not Available
310038,1.09
520088,0.92
160122,0.94
670115,Not Available
131322,Not Available
40004,0.97
271340,Not Available
360025,1.05
460057,0.93
180048,1.02
420102,0.79
170145,0.89
111303,Not Available
390164,1.01
450324,1.05
50289,0.95
201310,Not Available
380033,0.85
310111,1.07
291301,Not Available
10103,1
140083,1.13
310108,1.12
181314,Not Available
460044,0.97
50197,0.96
330197,0.86
280131,0.87
400117,Not Available
30139,Not Available
450877,1.13
360056,0.96
431312,Not Available
351327,Not Available
53308,Not Available
410005,1.05
30087,1.02
100285,1.03
450604,0.97
450102,1.1
361327,Not Available
60022,1.01
190039,1.03
450194,1.11
100102,1.06
291309,Not Available
451306,Not Available
50378,1.13
140034,0.94
250034,1
390016,0.99
360360,1.04
50678,1.01
460021,0.95
340133,1
110192,1.02
350019,0.99
351308,Not Available
360180,0.97
351336,Not Available
340183,0.93
100260,1.01
160001,0.87
471305,Not Available
30002,0.99
50128,1.01
171306,Not Available
670080,1.03
50557,0.98
41328,Not Available
490043,1
270017,0.91
161363,Not Available
490110,0.95
330049,0.98
180079,1.01
490127,0.97
450236,1.3
450713,1.05
100315,1.01
670034,1.02
150097,0.96
140130,0.95
440001,1.1
360090,1.02
450231,1.04
370206,0.93
330229,1.02
111331,Not Available
520070,0.97
131308,Not Available
490060,0.93
230070,1
370235,0.95
360092,0.93
50609,0.87
150183,0.89
30038,0.99
220077,1.01
220019,0.98
40134,0.94
490017,0.93
180020,0.91
450128,0.94
340132,0.95
521329,Not Available
251312,Not Available
360192,0.99
50145,0.94
440184,0.98
150015,1.02
110043,1.01
10164,0.98
400104,Not Available
381303,Not Available
51302,Not Available
100048,0.97
281321,Not Available
360366,Not Available
330128,1.01
140181,1.03
360010,0.99
451369,Not Available
190005,1.03
40015,1.19
161331,Not Available
50767,0.95
501328,Not Available
421301,Not Available
61322,Not Available
430083,Not Available
330214,1.02
500119,0.99
400001,Not Available
101313,Not Available
70007,0.99
261305,Not Available
130074,Not Available
50573,0.95
501324,Not Available
490097,0.88
160117,0.96
390019,Not Available
250163,Not Available
340155,0.97
263304,Not Available
520193,0.98
230273,1.09
60128,0.93
160069,0.93
230146,1.02
241325,Not Available
241370,Not Available
50747,1.28
191320,Not Available
501309,Not Available
60118,0.88
453300,Not Available
171324,Not Available
520057,0.89
180128,0.96
50616,1
290012,1.13
341317,Not Available
220011,0.98
190274,1
190176,1.02
240213,0.94
670008,1.02
450743,1.06
381324,Not Available
140276,0.99
360263,0.97
260005,1.01
231321,Not Available
230099,0.97
161316,Not Available
281310,Not Available
111316,Not Available
140240,1.04
53304,Not Available
420026,0.98
230301,1.09
430015,0.84
400131,Not Available
510007,1
301310,Not Available
210006,Not Available
390268,0.99
510047,0.98
171385,Not Available
171352,Not Available
340085,0.96
271303,Not Available
530015,0.87
300017,1.01
63301,Not Available
451382,Not Available
120004,0.9
110128,0.98
251304,Not Available
370149,0.99
140120,0.92
50780,1.34
190013,1.03
390330,0.96
40069,0.96
70036,0.99
330008,0.96
520097,0.9
450163,1.13
21301,Not Available
160089,0.98
60064,0.97
100224,1.1
361332,Not Available
420101,1.03
191303,Not Available
340060,1.01
150086,1.03
250077,0.97
271335,Not Available
50296,0.9
140029,1.08
61300,Not Available
190111,1.09
141337,Not Available
110226,0.97
400021,Not Available
410011,0.94
261337,Not Available
331314,Not Available
390102,1.03
233300,Not Available
410009,0.98
171328,Not Available
131325,Not Available
110184,0.95
70029,1.02
50726,0.9
140114,1.07
161348,Not Available
141323,Not Available
280009,1.05
500077,0.97
280130,0.97
150023,1.03
360070,1.05
310016,1.09
390222,0.95
161321,Not Available
100026,1.08
250128,0.96
440017,1.02
170104,1
170142,0.96
330151,0.87
161326,Not Available
520041,0.93
151320,Not Available
271318,Not Available
330169,1.04
281359,Not Available
351307,Not Available
141340,Not Available
371326,Not Available
450820,1.04
240071,0.92
330285,0.96
260105,1.03
191309,Not Available
141304,Not Available
140064,0.98
61307,Not Available
431309,Not Available
431336,Not Available
180043,0.9
220101,0.92
170190,0.9
330185,1.04
241373,Not Available
260022,0.91
511314,Not Available
140202,1
213301,Not Available
461307,Not Available
281342,Not Available
270057,0.92
130002,0.95
121301,Not Available
50516,0.95
110177,0.98
31304,Not Available
110008,0.98
271336,Not Available
440091,0.96
461300,Not Available
380047,0.93
361311,Not Available
520138,1
390220,0.98
230029,0.98
271328,Not Available
90005,0.95
281326,Not Available
190218,1.13
10024,1.05
450176,0.96
220031,1.02
30064,0.97
451317,Not Available
220171,0.99
460052,1.02
110236,0.92
200008,0.96
330088,1.06
491308,Not Available
400112,Not Available
201306,Not Available
360048,1.07
431326,Not Available
51318,Not Available
160153,1
450347,1.1
363303,Not Available
381305,Not Available
330202,0.98
451335,Not Available
320090,0.86
420073,0.96
230144,0.9
271313,Not Available
171339,Not Available
310041,1.13
141320,Not Available
181308,Not Available
371303,Not Available
351312,Not Available
451353,Not Available
181315,Not Available
471301,Not Available
360037,1.03
220116,1.02
10086,1
100090,0.98
351323,Not Available
670108,0.99
450822,1.01
340144,0.95
450119,1.02
250042,0.93
501319,Not Available
371336,Not Available
240043,0.85
450864,0.88
50238,1.09
320062,0.94
351332,Not Available
360147,1.04
360354,1.02
50690,0.8
60012,0.99
460039,1.01
190045,1.01
151332,Not Available
171368,Not Available
260062,0.97
361303,Not Available
500019,0.87
170068,1.01
451364,Not Available
360107,1.05
390044,1
390081,1.07
30073,0.76
150104,0.99
431321,Not Available
520107,1.02
440111,0.99
451349,Not Available
291304,Not Available
320033,0.84
161304,Not Available
450072,1.04
10149,0.98
200021,0.9
451387,Not Available
30062,0.94
50158,1.11
41306,Not Available
223300,Not Available
330024,0.99
440150,1.01
150072,1.02
440050,0.94
21311,Not Available
41313,Not Available
331307,Not Available
140228,0.99
500002,0.96
100121,1.01
10006,0.98
241333,Not Available
190302,Not Available
131312,Not Available
110051,0.94
660001,Not Available
361314,Not Available
490040,0.97
141315,Not Available
50009,0.91
310050,0.99
281305,Not Available
390316,0.91
320074,0.91
453306,Not Available
60113,0.98
190118,1.21
400106,Not Available
50222,0.96
531301,Not Available
521314,Not Available
241338,Not Available
100140,0.96
40041,0.96
450853,1.03
230110,0.89
50708,0.9
370057,0.98
460010,1.01
391313,Not Available
360211,1.03
50102,1.22
180106,0.96
330238,0.89
360174,1.03
511308,Not Available
110028,1.01
440228,1.04
50772,0.79
171300,Not Available
61310,Not Available
230167,0.94
100068,1.03
181305,Not Available
370192,Not Available
393303,Not Available
191324,Not Available
121305,Not Available
230259,0.88
320030,0.98
140158,1.02
450537,1.16
340047,0.97
150007,1.1
370225,0.85
50308,0.99
113300,Not Available
260059,0.86
161336,Not Available
51306,Not Available
130065,0.99
260179,0.95
140187,0.99
400126,Not Available
61327,Not Available
330401,1.05
261327,Not Available
510022,0.99
260193,0.92
330043,1.06
180029,0.97
231301,Not Available
360247,Not Available
170013,1.03
241351,Not Available
450675,1.06
111329,Not Available
390146,0.94
210015,Not Available
140148,1.01
300005,0.99
241317,Not Available
171356,Not Available
381318,Not Available
340126,0.94
440173,0.94
50758,0.99
290032,0.93
110089,0.96
301306,Not Available
140185,0.94
100080,1.02
100124,0.99
450571,0.98
53300,Not Available
251329,Not Available
230003,0.88
420036,1
490084,0.94
261309,Not Available
280081,1.03
61315,Not Available
90001,1.01
100321,0.95
181328,Not Available
521319,Not Available
110034,1.02
330393,0.99
520205,0.94
440059,0.99
231334,Not Available
241365,Not Available
240052,0.91
110002,1.05
143300,Not Available
210030,Not Available
50076,0.93
331318,Not Available
140077,0.89
310115,1.11
180004,0.93
50351,0.93
420004,1.02
230019,0.96
110115,1.03
100045,1
420105,0.91
181322,Not Available
161380,Not Available
141325,Not Available
371330,Not Available
60034,1.03
190060,1
260214,0.92
360076,1.07
451331,Not Available
50394,0.98
310011,0.98
241302,Not Available
50723,0.93
511300,Not Available
670102,1.25
140101,1.01
190036,0.98
250094,1.01
50414,0.93
500058,0.97
260119,0.99
330331,1.07
180069,0.9
180124,1.01
220070,1.04
281315,Not Available
451313,Not Available
500005,0.95
140001,0.95
523300,Not Available
243302,Not Available
441316,Not Available
250048,1
230092,0.93
240063,0.92
341328,Not Available
281346,Not Available
521341,Not Available
370013,1.06
310081,1.07
140289,0.97
100187,1.14
400015,Not Available
450035,1.17
30136,0.93
390112,1.03
161353,Not Available
10061,0.94
10065,0.95
141347,Not Available
30103,0.94
351328,Not Available
501315,Not Available
281330,Not Available
470012,0.96
503300,Not Available
190017,1.12
340002,0.99
50007,0.93
170185,0.95
210062,Not Available
450424,1.05
670047,0.97
10091,0.85
100259,0.98
521309,Not Available
370019,0.91
30122,0.98
500141,0.95
100038,1.06
370106,1.07
50040,0.85
10126,0.92
281363,Not Available
431302,Not Available
230078,0.87
150034,1.01
490145,0.99
380007,0.96
171335,Not Available
450033,1.07
440159,Not Available
390179,0.97
313302,Not Available
520033,0.87
51323,Not Available
521324,Not Available
440031,0.91
500015,0.96
31313,Not Available
70011,0.98
50073,0.89
360040,0.98
370041,1.02
490002,0.97
10035,1
420066,0.93
450638,1.15
420082,1.01
50471,1.03
511321,Not Available
330267,1.06
151312,Not Available
521346,Not Available
500026,0.91
280040,1.02
30105,0.99
380061,0.94
260077,0.97
510031,1.1
171372,Not Available
50245,1.09
100018,1.03
371314,Not Available
360137,1.04
250012,1.18
60008,1.03
51334,Not Available
390204,1.04
140119,0.99
450688,1.04
451345,Not Available
380002,0.89
100177,1.01
51310,Not Available
450539,1.01
103304,Not Available
110142,0.8
380037,0.84
360236,1.01
431307,Not Available
31308,Not Available
390233,1.01
670056,1.1
191311,Not Available
491300,Not Available
490001,0.93
351319,Not Available
310112,1.04
50390,1.06
340064,1.01
111304,Not Available
70020,0.98
370220,1.01
431334,Not Available
40011,0.84
210044,Not Available
50320,1.07
400123,Not Available
361324,Not Available
230132,0.98
450135,1.04
330198,1.07
260163,0.93
331320,Not Available
241355,Not Available
390138,0.87
100017,1.05
210001,Not Available
10044,0.87
490024,0.99
171355,Not Available
190144,1.04
520009,0.92
151328,Not Available
450844,1.08
370006,0.96
10090,0.99
440065,1.03
330030,0.85
361330,Not Available
330027,1.07
100236,0.99
390168,0.96
140053,1.02
280060,0.99
400018,Not Available
301301,Not Available
451360,Not Available
330182,1.02
241316,Not Available
100077,1.03
340091,0.92
490088,0.89
171360,Not Available
390072,1.05
271320,Not Available
260138,1
351335,Not Available
50056,1.02
190027,1
180011,0.94
431300,Not Available
351330,Not Available
431324,Not Available
210064,Not Available
450209,1.08
370091,1.01
670082,1.06
370025,1.06
310008,1.07
230053,0.99
271345,Not Available
281328,Not Available
151327,Not Available
370037,0.98
451319,Not Available
100034,1.06
100291,1.05
100191,1.02
51327,Not Available
80001,1.02
450669,1.08
510072,0.72
51329,Not Available
50067,0.85
450058,1.05
521352,Not Available
170122,1.01
330074,0.89
340116,0.96
110101,0.85
160029,0.9
10113,1.01
390049,0.96
30022,1.01
190201,1
180130,0.98
391316,Not Available
490118,1
310076,1.05
400012,Not Available
500060,0.99
220080,1.06
521337,Not Available
170023,1.01
380103,0.81
441311,Not Available
521359,Not Available
330100,Not Available
140052,0.96
50043,1
40039,1.09
310039,1.11
141330,Not Available
140307,0.92
50778,Not Available
161358,Not Available
330125,0.92
41331,Not Available
240020,0.88
520035,0.88
10052,0.91
400005,Not Available
340039,0.96
50352,0.88
361301,Not Available
60126,1.05
160147,0.89
361312,Not Available
240100,0.93
463302,Not Available
520089,0.92
10144,0.98
50292,0.99
140084,1.04
440035,0.99
161373,Not Available
511317,Not Available
10023,1.04
241321,Not Available
190146,0.97
340190,Not Available
521304,Not Available
180044,0.98
50481,1.01
431339,Not Available
110046,0.92
360055,1.08
431317,Not Available
50276,0.89
10104,1.02
451325,Not Available
241350,Not Available
450330,1.12
51321,Not Available
230080,0.94
451390,Not Available
450880,1.12
251315,Not Available
180149,0.88
50104,1.06
250095,0.89
350070,0.93
330261,1.03
430048,0.96
141345,Not Available
250141,0.98
151309,Not Available
351326,Not Available
670004,1
150057,0.94
400134,Not Available
451309,Not Available
60023,1.02
100109,1
410006,0.99
420080,0.99
450888,1.04
30092,0.99
371300,Not Available
320004,0.95
451350,Not Available
451373,Not Available
360364,0.98
80004,1.02
460061,Not Available
420009,1.05
200050,0.91
460019,0.86
50677,0.9
171376,Not Available
670075,1.08
331317,Not Available
340141,0.97
181329,Not Available
501316,Not Available
123300,Not Available
140010,1.02
393307,Not Available
521320,Not Available
141312,Not Available
230005,0.89
150102,0.92
360065,0.93
10099,1.04
261329,Not Available
320067,0.82
320059,0.82
390008,1.02
440011,0.96
390104,1.06
50546,Not Available
230156,0.93
131318,Not Available
420089,1.01
50137,0.91
450779,0.99
310057,1.05
440144,1.03
240141,0.87
190064,1.01
131316,Not Available
41305,Not Available
391303,Not Available
270004,0.98
210017,Not Available
110025,0.94
281316,Not Available
531316,Not Available
400128,Not Available
100137,1
31314,Not Available
261311,Not Available
381312,Not Available
490009,1.02
141332,Not Available
70034,0.99
370183,0.96
360006,1
161334,Not Available
271305,Not Available
110078,0.98
370178,0.75
390325,1.03
171379,Not Available
371327,Not Available
461308,Not Available
140300,0.81
281333,Not Available
240059,0.88
430008,0.85
260025,0.96
251306,Not Available
501336,Not Available
150172,0.93
50180,0.96
360163,0.97
180051,1.05
50771,1.19
13300,Not Available
390198,1.03
30119,0.98
61325,Not Available
271341,Not Available
100067,1.05
110153,0.95
60011,0.95
140208,1.03
251338,Not Available
420043,0.98
230270,1.02
260034,0.84
250162,1.05
360020,1.04
280020,0.98
40002,1.03
140250,1
310091,1.08
231332,Not Available
371324,Not Available
490141,0.99
101312,Not Available
50334,1
310014,1.05
670131,Not Available
31302,Not Available
100211,1.03
30011,1.01
460047,1.04
70002,1.01
450498,1.08
400115,Not Available
280132,0.93
200009,1.02
160045,0.92
520019,0.85
150002,1.08
271309,Not Available
363308,Not Available
40085,0.79
500033,0.82
240066,0.91
291314,Not Available
360132,1.03
241359,Not Available
440073,1.01
230297,0.98
50028,0.89
361328,Not Available
241344,Not Available
260096,1
290049,0.85
431330,Not Available
260219,0.95
210013,Not Available
271324,Not Available
340109,0.96
100105,1.05
341324,Not Available
291308,Not Available
390258,1.04
261308,Not Available
490069,1
140033,Not Available
530014,1
171313,Not Available
190263,0.97
111310,Not Available
50376,0.88
450253,0.71
321308,Not Available
370099,0.9
420055,0.92
11300,Not Available
170049,0.99
390160,0.97
440007,1.11
330350,1.01
381315,Not Available
120028,0.95
100023,0.99
670124,Not Available
150161,0.97
231310,Not Available
370030,0.95
50254,0.91
250006,1
171329,Not Available
110194,0.76
430091,0.89
110225,0.93
250072,1.03
220001,1.01
340027,0.93
241376,Not Available
161362,Not Available
171343,Not Available
250104,1.04
40154,0.92
521348,Not Available
360032,0.98
390067,0.99
170150,0.9
50225,0.93
50502,Not Available
10158,0.99
51316,Not Available
10016,1.02
181317,Not Available
310001,1.07
451340,Not Available
140095,0.93
41314,Not Available
521333,Not Available
231329,Not Available
330158,1.09
190090,1.28
340004,0.99
420108,1
100025,1
50113,0.96
340010,0.94
460011,0.91
50709,0.91
530006,0.89
360276,1.03
100302,0.99
10083,0.99
61302,Not Available
450831,Not Available
120011,0.81
190245,0.77
50425,0.92
451355,Not Available
330195,1.02
670067,1.02
330058,0.92
451378,Not Available
390127,1.04
360086,1.06
21304,Not Available
60031,0.99
50089,1.17
140048,0.98
490059,1.04
260081,0.95
50024,1.09
500044,1.01
180101,1.02
360210,0.91
351314,Not Available
330273,0.99
391312,Not Available
40051,0.9
380027,0.85
171310,Not Available
60004,0.97
330219,0.96
151314,Not Available
520044,0.89
161309,Not Available
241326,Not Available
511309,Not Available
451304,Not Available
220088,0.99
360144,1.04
150046,1.05
100269,1.01
230208,0.96
500108,0.97
140166,0.97
101300,Not Available
390046,1.04
180040,0.99
241306,Not Available
361308,Not Available
50580,1.11
330111,1.06
670116,Not Available
453315,Not Available
531311,Not Available
100157,1
241309,Not Available
50283,0.97
501303,Not Available
501333,Not Available
201309,Not Available
161341,Not Available
431313,Not Available
50641,1.22
230072,0.92
330086,1.11
131305,Not Available
291302,Not Available
520139,1
60107,Not Available
320011,0.89
100053,1.22
150126,1.05
501323,Not Available
510008,0.94
283300,Not Available
290007,1.11
341307,Not Available
50167,0.99
360079,1.05
100264,1.02
50232,0.97
351303,Not Available
450893,1.05
170198,0.84
450587,1.07
51300,Not Available
250168,1.11
240006,0.79
50765,Not Available
251335,Not Available
420019,1.06
290053,1.05
100173,1.08
21309,Not Available
521316,Not Available
510062,0.98
60020,1.02
231324,Not Available
351322,Not Available
50122,1.01
450803,1.25
171371,Not Available
223303,Not Available
330006,1.13
250031,1.07
450659,1.21
250017,1.05
190315,Not Available
181327,Not Available
440048,1.01
471306,Not Available
53309,Not Available
30085,1
100130,0.96
390329,1.04
450154,0.9
210034,Not Available
40071,1.04
140135,0.97
100002,1.08
510030,0.88
261333,Not Available
490018,0.91
60054,0.94
320063,0.91
20012,0.8
360152,0.98
200037,0.94
460005,1.03
451384,Not Available
50597,1.13
100246,1.1
490126,1
360261,Not Available
70028,1.04
50739,1.04
10129,0.97
341319,Not Available
41309,Not Available
450389,1.04
41322,Not Available
260200,0.99
191316,Not Available
150088,1.01
400044,Not Available
330014,1.01
281354,Not Available
111332,Not Available
101307,Not Available
340145,0.98
390039,0.96
140113,1
110113,1
370170,0.74
670031,1.17
330223,0.82
490050,0.95
60076,1.04
110016,0.99
390097,1.03
450358,1.01
391307,Not Available
150150,1
170197,1
100072,1.02
281301,Not Available
161330,Not Available
250084,1.14
300012,1.01
110073,0.9
111325,Not Available
243300,Not Available
301308,Not Available
441303,Not Available
150017,1.01
250057,1
281312,Not Available
61321,Not Available
30113,0.79
331310,Not Available
40020,1.06
140172,1.02
151319,Not Available
270023,0.91
340071,0.88
21314,Not Available
50131,0.96
360118,1.01
251318,Not Available
670099,Not Available
330163,0.97
50534,0.97
110042,0.92
130003,0.98
220049,0.98
450042,1.02
310064,1.03
330395,1.1
520210,Not Available
190314,Not Available
140018,1.01
281339,Not Available
180093,1.01
110010,0.95
70006,1.03
50740,1.06
390091,0.96
140160,0.97
390219,0.97
321304,Not Available
110168,0.93
230254,1.04
261303,Not Available
140213,1
30065,1.01
191319,Not Available
151335,Not Available
261325,Not Available
210061,Not Available
50309,0.94
340042,0.92
260050,0.88
161344,Not Available
460054,1.07
260006,0.96
310110,1.07
260177,1.08
171334,Not Available
180127,1.01
241342,Not Available
400111,Not Available
110104,0.9
240210,0.91
140275,0.9
100071,1.07
431325,Not Available
440156,1
100200,1.07
330144,0.79
230142,1.04
320089,0.91
381319,Not Available
60117,0.97
120014,0.86
70021,0.93
141319,Not Available
271312,Not Available
130018,1.02
50039,0.96
161315,Not Available
170086,0.97
290042,Not Available
100284,1.21
360039,0.97
230302,0.96
100092,1
520030,0.96
500041,0.92
171384,Not Available
450104,1.09
240040,0.95
50512,0.91
420067,0.99
100314,0.97
440058,1.01
450862,1.08
360143,1.05
230207,1.02
260061,0.93
500021,0.89
111314,Not Available
420033,0.9
140167,0.98
40119,0.98
60015,1
331313,Not Available
50298,0.99
110189,0.93
50093,0.98
250082,1.04
450235,1.16
30074,Not Available
361331,Not Available
140019,1.02
330047,0.95
340171,0.94
51311,Not Available
190106,1.12
281353,Not Available
241374,Not Available
110233,1.17
320058,Not Available
161305,Not Available
291303,Not Available
230069,0.92
371335,Not Available
370203,0.97
50077,1.04
161347,Not Available
420104,0.95
370234,0.96
360091,1.04
670130,Not Available
280129,0.89
231314,Not Available
490067,1.02
40137,1.07
10007,1.1
181321,Not Available
151302,Not Available
340053,1
260113,0.94
141324,Not Available
161366,Not Available
453308,Not Available
250127,Not Available
50013,0.97
390153,1
100252,0.94
360189,0.9
131328,Not Available
520017,0.88
490023,0.95
531302,Not Available
50697,0.74
340131,0.9
371320,Not Available
240078,0.93
50444,0.94
450809,1.05
241337,Not Available
50417,0.93
41310,Not Available
10173,0.97
61306,Not Available
450083,1.09
450002,1.02
180105,1.04
110029,0.95
30137,0.87
310034,1.05
460006,0.95
340098,0.97
220100,0.99
10069,1.05
511313,Not Available
451359,Not Available
190259,1.02
230227,1
330211,0.92
61311,Not Available
271337,Not Available
390111,1.04
511304,Not Available
380020,0.87
170204,Not Available
450860,0.91
230024,1.04
160067,0.96
50567,0.97
131301,Not Available
450018,1.04
171367,Not Available
390178,0.91
490122,0.98
340151,0.93
230151,1.03
90008,1.04
501329,Not Available
460004,0.98
220033,0.98
390027,1
111337,Not Available
241369,Not Available
50624,1
61328,Not Available
501308,Not Available
330399,0.97
341316,Not Available
330096,0.93
171323,Not Available
670109,Not Available
190270,0.93
340021,0.95
180027,1.05
500148,0.84
451337,Not Available
290019,0.95
231309,Not Available
150042,1.05
201305,Not Available
360262,0.99
381323,Not Available
450605,Not Available
50396,0.99
450165,1.01
190044,1.05
140147,0.97
231320,Not Available
140231,0.98
140242,1.01
53303,Not Available
30123,0.96
510048,0.95
391300,Not Available
50760,0.78
110074,0.96
301309,Not Available
161337,Not Available
471302,Not Available
521327,Not Available
340123,0.9
100125,1.02
251305,Not Available
380060,0.88
330013,0.99
250040,1
63303,Not Available
510046,1.02
360361,1.12
61316,Not Available
300020,1.01
370139,0.92
271302,Not Available
521345,Not Available
50782,1.06
360145,1.03
420027,1.08
210029,Not Available
160101,0.87
110035,0.97
520096,0.99
230097,0.92
50243,0.99
450403,1.12
41327,Not Available
330231,0.86
271334,Not Available
180080,0.96
141351,Not Available
450730,1.13
231339,Not Available
241364,Not Available
490107,0.98
140068,1.1
61301,Not Available
360098,1.05
40055,1.05
50608,0.91
490044,0.94
261336,Not Available
30010,1.03
100161,0.97
161379,Not Available
131307,Not Available
100044,1.04
451379,Not Available
331309,Not Available
450379,1.21
290058,0.68
221303,Not Available
60032,0.96
521313,Not Available
50735,1.24
310021,1.02
241332,Not Available
110054,1.01
450124,1.11
150128,1.01
50152,1
30037,0.94
390045,0.98
161342,Not Available
670107,0.72
251323,Not Available
140100,1.16
330175,0.9
111319,Not Available
250004,1.02
451310,Not Available
281324,Not Available
370056,0.99
281358,Not Available
521328,Not Available
220066,0.97
50195,0.97
100049,1.03
500007,0.93
51301,Not Available
370114,1.03
330279,0.98
110124,0.99
50517,1.16
140180,1.04
100183,1.12
490140,0.95
100223,1.03
170188,0.86
451370,Not Available
281343,Not Available
40016,1.01
390328,0.98
30093,0.94
440192,0.98
121300,Not Available
450698,0.97
670049,0.99
340003,0.88
450451,1.04
271344,Not Available
281327,Not Available
191323,Not Available
470011,0.93
170183,0.85
100086,1.09
190019,1.08
190208,0.86
250102,1.04
10097,0.92
50746,1.14
380050,0.82
51305,Not Available
110237,Not Available
431301,Not Available
190088,1.01
380009,0.98
51330,Not Available
100258,1.11
310075,1.13
400127,Not Available
70012,0.98
170014,0.96
10125,0.9
330203,0.96
370214,Not Available
171338,Not Available
60125,0.97
220073,0.99
450674,0.91
500016,0.9
260162,0.86
111328,Not Available
390145,1.02
50072,0.69
450097,1.13
10036,0.96
130063,0.88
440175,1.05
511322,Not Available
360041,1.05
100288,1.13
301305,Not Available
70035,1.04
50045,0.94
340084,0.9
171351,Not Available
260074,0.89
140122,1.06
140304,1.09
30107,0.84
230180,0.87
490007,0.96
190011,1.02
160013,0.85
70038,Not Available
500027,0.94
351331,Not Available
241320,Not Available
670076,1.13
100320,0.96
361302,Not Available
50353,0.96
110129,1.02
20026,0.88
171304,Not Available
240050,0.86
230038,0.98
450078,0.78
171345,Not Available
370016,1
281349,Not Available
50127,0.88
431320,Not Available
180002,0.92
440148,0.96
520103,0.97
420002,1.08
310130,1.1
220017,1.09
110091,0.99
141326,Not Available
390057,0.98
453312,Not Available
360075,0.99
450219,1.29
100028,1.01
310012,1.02
280003,1.01
151306,Not Available
520066,0.94
361318,Not Available
640001,Not Available
241301,Not Available
490038,0.96
510092,Not Available
190125,1.05
330104,1.1
360365,1.16
190034,1.09
260191,1.02
440016,1.09
141341,Not Available
351306,Not Available
260104,1
310086,1.03
441320,Not Available
500052,Not Available
170105,0.82
490114,0.96
531306,Not Available
400016,Not Available
50342,0.94
141303,Not Available
330184,1.06
161354,Not Available
240093,0.93
50006,0.94
521340,Not Available
131324,Not Available
50101,1.01
330246,1.03
330236,1.03
330135,0.91
110201,0.99
310028,1.02
301300,Not Available
181304,Not Available
340184,0.96
351329,Not Available
320022,0.92
10100,0.97
121304,Not Available
161369,Not Available
501312,Not Available
281329,Not Available
363302,Not Available
501340,Not Available
390035,0.92
520078,1.01
490094,0.88
10130,0.95
400130,Not Available
521308,Not Available
491307,Not Available
500154,0.71
40022,0.99
61326,Not Available
461303,Not Available
231305,Not Available
450874,1.07
190167,1.11
220177,0.77
181309,Not Available
450193,1
241354,Not Available
263303,Not Available
370190,1.18
161302,Not Available
451395,Not Available
240115,0.93
440084,0.98
450028,1.08
190300,Not Available
150030,0.99
161322,Not Available
420072,0.88
171378,Not Available
360046,0.96
310027,1.18
370039,1.01
371304,Not Available
440030,1
31309,Not Available
351311,Not Available
330410,Not Available
100118,0.98
31315,Not Available
50132,1.24
140189,0.92
310047,1
140186,1.05
50457,0.92
430014,0.94
450643,0.98
10034,0.9
450565,1.14
120002,0.88
51335,Not Available
50236,1
390267,1.07
83300,Not Available
371316,Not Available
520202,0.96
360355,1.06
460030,0.84
50689,0.95
201301,Not Available
100230,1.01
190145,1.11
390079,0.95
341305,Not Available
261315,Not Available
410010,0.97
141336,Not Available
141308,Not Available
451346,Not Available
50537,0.9
440110,0.94
251327,Not Available
250049,0.88
30061,0.94
440049,1.02
241349,Not Available
220119,0.94
240004,0.95
433300,Not Available
150069,0.97
191308,Not Available
190054,1.1
360071,1.03
500001,0.94
50140,0.94
210023,Not Available
390226,1.02
440131,1.03
131311,Not Available
50551,1.06
51326,Not Available
451332,Not Available
180019,0.96
251309,Not Available
170137,0.95
310048,1.08
271317,Not Available
461304,Not Available
110086,0.81
281304,Not Available
281360,Not Available
440185,1
330307,0.95
100151,0.97
400105,Not Available
180067,1.06
381308,Not Available
390321,0.93
371331,Not Available
370240,Not Available
360175,0.99
230117,0.95
50211,1.06
140063,0.93
451314,Not Available
171318,Not Available
150006,1.02
190004,1.03
140288,1.02
341327,Not Available
360011,0.99
440200,0.96
150113,0.94
60129,Not Available
431335,Not Available
270087,0.89
140290,1.17
451365,Not Available
421303,Not Available
260020,1
50777,0.92
110003,0.97
10059,0.86
310009,1.14
230165,1.01
160030,0.95
150177,0.96
241377,Not Available
220002,0.95
340015,0.98
420085,0.92
260209,Not Available
390107,0.98
271331,Not Available
100035,1.07
170166,0.8
190065,0.99
360035,0.98
50138,0.93
450771,1.08
210018,Not Available
193300,Not Available
410007,1.02
141331,Not Available
330157,0.95
281318,Not Available
450352,1.12
231326,Not Available
381311,Not Available
70033,1.02
440132,1.02
140089,0.98
360066,1.02
261312,Not Available
451333,Not Available
340119,0.93
170123,1
220126,1.01
61309,Not Available
190251,0.94
390114,0.95
111326,Not Available
180132,0.94
260085,0.98
60027,0.98
530034,Not Available
521358,Not Available
501339,Not Available
281302,Not Available
461309,Not Available
371328,Not Available
140291,0.96
511320,Not Available
30112,1.03
150005,0.95
340073,0.98
150167,0.92
250058,0.94
520045,0.93
260024,0.88
60006,0.96
220062,0.89
330164,0.91
240053,0.93
161355,Not Available
220098,1
251307,Not Available
121303,Not Available
310069,1.11
451303,Not Available
161376,Not Available
281340,Not Available
100275,1.06
190020,1.11
10022,1.08
451344,Not Available
450702,1.01
361313,Not Available
520116,0.92
160146,0.96
380038,0.9
161374,Not Available
100006,1.01
501334,Not Available
10148,0.9
460060,0.96
453314,Not Available
171325,Not Available
31307,Not Available
131320,Not Available
110150,0.97
140088,1.04
50281,1.18
271342,Not Available
531310,Not Available
670118,Not Available
180045,1.06
190204,0.96
341303,Not Available
450875,0.94
360054,1.07
330199,1.07
340016,1.02
310092,1.15
111305,Not Available
310113,1.02
450200,1.1
480002,Not Available
181310,Not Available
230081,0.85
460042,1.02
491302,Not Available
333301,Not Available
50107,0.92
450292,1.02
351320,Not Available
50485,1.01
51320,Not Available
151310,Not Available
370008,0.99
53310,Not Available
330264,0.99
201313,Not Available
330078,0.96
141346,Not Available
360133,1.04
450099,0.95
60024,0.98
390173,0.97
330181,1.11
371338,Not Available
30089,1.01
50674,0.87
340147,0.98
10089,1
250027,0.94
520063,0.95
451351,Not Available
100292,0.98
281345,Not Available
470024,0.93
670073,1.03
380075,0.88
451308,Not Available
501317,Not Available
420057,Not Available
100265,1.06
500139,0.89
370100,0.98
141313,Not Available
460017,0.99
110198,0.98
171357,Not Available
330205,0.94
330224,1
360159,1.01
220016,0.93
261321,Not Available
531315,Not Available
370093,1.05
100242,1.06
320070,Not Available
160104,0.9
230041,0.99
380089,0.94
331304,Not Available
41321,Not Available
50543,1.18
40156,Not Available
390086,0.97
390003,0.94
450210,1.17
520198,0.97
490041,0.96
490019,0.97
191317,Not Available
391308,Not Available
360087,0.93
670025,1.01
400102,Not Available
390041,0.99
270012,0.98
60096,0.88
290054,1.08
210048,Not Available
501327,Not Available
451339,Not Available
390048,0.99
150065,1.02
180005,1
50498,0.95
670122,1.09
260011,0.95
131310,Not Available
431323,Not Available
271310,Not Available
521353,Not Available
390322,0.81
380090,0.89
231300,Not Available
391315,Not Available
161329,Not Available
490115,0.99
230118,0.86
360008,1.05
21305,Not Available
521334,Not Available
330101,1
351315,Not Available
140179,1.01
220083,0.91
50226,1.16
51304,Not Available
110041,1
180087,1.04
50770,0.96
330240,1.04
310040,1.11
170191,0.94
13301,Not Available
220035,0.95
50590,0.91
40036,1.02
330218,0.96
451366,Not Available
330126,1.02
61324,Not Available
190308,1.08
360170,0.95
340040,0.98
140124,0.91
501322,Not Available
150076,0.99
191312,Not Available
210039,Not Available
670044,1.03
390199,0.9
390032,1.1
250152,Not Available
110143,1
191322,Not Available
70010,1
103301,Not Available
443302,Not Available
360239,0.96
50745,1.12
390236,0.86
241322,Not Available
51331,Not Available
260001,0.99
50663,1.23
180013,1.07
160064,0.94
241345,Not Available
521305,Not Available
170016,0.97
290008,0.94
251314,Not Available
450144,0.83
451389,Not Available
100054,0.95
190128,0.99
140281,0.98
101301,Not Available
241339,Not Available
400109,Not Available
40084,1.03
140054,1.04
670005,1.08
450847,1.02
430027,1.03
320016,0.92
340129,0.93
161318,Not Available
271321,Not Available
21310,Not Available
450891,1
241315,Not Available
140191,1.03
371318,Not Available
450578,0.72
231323,Not Available
370222,0.88
111308,Not Available
151329,Not Available
250134,0.48
330409,Not Available
451372,Not Available
251334,Not Available
171314,Not Available
510070,1.01
150010,1.04
50234,0.87
351304,Not Available
100238,1.06
241356,Not Available
161323,Not Available
300001,0.99
200052,0.94
230236,0.91
301302,Not Available
450147,1.17
321309,Not Available
181330,Not Available
490089,0.9
330033,1.01
190266,1
450780,0.93
100075,1.03
330385,0.94
140011,1.01
420011,1.01
670085,0.99
341325,Not Available
230013,0.99
521321,Not Available
440039,0.99
393304,Not Available
390063,1.05
141350,Not Available
281352,Not Available
171330,Not Available
180001,1.04
261330,Not Available
150089,1
430084,0.89
451318,Not Available
450090,1.07
53302,Not Available
400032,Not Available
141327,Not Available
70027,0.98
310058,1.1
110107,1.05
100166,1.04
340113,0.99
441306,Not Available
151324,Not Available
281355,Not Available
181316,Not Available
110111,0.99
50736,1.02
240166,0.8
250043,0.97
241300,Not Available
250069,1.26
260110,0.98
50115,1.03
161346,Not Available
150133,0.97
101308,Not Available
231311,Not Available
100043,1.03
390100,0.98
180050,0.91
440020,1.02
330194,1.04
420107,0.94
171380,Not Available
330191,0.96
250085,0.95
10085,1
530002,0.89
241381,Not Available
440120,1
210027,Not Available
670062,0.62
240022,0.78
260190,0.94
450869,1
281313,Not Available
50090,0.9
510091,0.82
130006,0.93
280125,1.01
10051,0.91
670093,Not Available
161378,Not Available
161351,Not Available
670098,1.11
380025,0.9
463301,Not Available
110076,1.04
131327,Not Available
41330,Not Available
30117,0.92
61305,Not Available
50189,0.83
371306,Not Available
371342,Not Available
451324,Not Available
330107,1.06
361309,Not Available
50291,0.94
450690,1.01
520160,0.94
330085,0.96
171370,Not Available
40001,1
360027,0.99
230022,0.92
450465,1.07
190014,1.1
431314,Not Available
10108,0.98
230075,0.94
400114,Not Available
30012,1.01
60112,0.97
340068,0.96
200018,0.93
50315,1.06
490143,0.95
390312,1.13
290003,1.13
361325,Not Available
31301,Not Available
261317,Not Available
390130,0.96
30084,0.67
340142,0.96
141318,Not Available
320086,0.98
191300,Not Available
450596,1.07
390162,1.01
520011,0.91
170040,1.01
670132,Not Available
240010,0.96
441300,Not Available
100014,1
371301,Not Available
50373,0.96
360084,1.04
100107,0.91
371341,Not Available
370001,0.99
100093,0.95
420007,1.05
280061,0.97
520091,0.88
261301,Not Available
440008,1.09
10045,1.03
110215,0.96
170199,0.96
331316,Not Available
240069,0.87
250018,Not Available
510029,0.95
471303,Not Available
260141,1.02
351334,Not Available
261334,Not Available
340008,0.92
230035,0.88
451385,Not Available
10018,1.02
200034,0.99
10157,1.08
111333,Not Available
340028,0.98
161361,Not Available
180095,0.97
450395,1.02
230275,0.85
360203,0.98
260097,0.92
271306,Not Available
420079,1
330019,1.07
521349,Not Available
51317,Not Available
453309,Not Available
370229,0.93
670010,Not Available
330046,1.02
50063,1.13
30023,1.01
10112,1.05
110015,0.94
50257,1.07
490045,0.99
41304,Not Available
41316,Not Available
330396,0.95
490111,0.97
260175,0.93
230105,0.94
451377,Not Available
390119,1.06
50424,0.94
451354,Not Available
450011,1.08
460013,1.03
50710,0.88
440180,0.93
300014,0.99
391309,Not Available
383300,Not Available
190114,1.29
521338,Not Available
40050,0.99
370026,1.03
61320,Not Available
490057,0.95
400004,Not Available
150018,0.94
270032,0.72
161310,Not Available
110038,1.01
360112,1.08
251319,Not Available
150047,0.96
450051,1.03
241327,Not Available
500088,0.88
281336,Not Available
511310,Not Available
230216,0.97
390194,0.99
180143,0.96
140206,1.05
131302,Not Available
420038,0.93
50581,1.13
260040,0.97
240101,0.85
440032,0.99
310015,1.03
241311,Not Available
140258,1.1
171347,Not Available
100063,1.1
501307,Not Available
50025,0.99
371323,Not Available
50278,1
450475,1.05
170009,0.86
101311,Not Available
180025,0.89
330304,1.05
231333,Not Available
231308,Not Available
450833,1.15
100212,1.02
510012,0.91
70005,0.98
241360,Not Available
50168,1.03
210012,Not Available
250096,1.06
230096,0.94
150048,1
400133,Not Available
251300,Not Available
320005,0.95
50783,0.86
450885,1.12
271325,Not Available
161314,Not Available
521317,Not Available
161312,Not Available
330405,Not Available
500039,0.94
290047,1.03
431327,Not Available
223304,Not Available
490075,0.97
390265,1
450654,0.96
330005,0.97
50766,0.9
230058,0.88
530012,1.03
11302,Not Available
120019,0.88
80009,1
40072,0.88
140133,1.04
381316,Not Available
171354,Not Available
261307,Not Available
100131,1.04
50057,0.96
140032,0.95
450469,1.11
210033,Not Available
230021,0.98
240047,1.01
380018,0.93
410013,0.96
331312,Not Available
231338,Not Available
241348,Not Available
451323,Not Available
250007,1.02
140067,0.97
30108,0.88
260070,0.93
50078,0.98
450684,1
150160,0.88
110230,0.93
250081,Not Available
60049,0.86
171383,Not Available
231315,Not Available
100047,1
170006,0.96
190102,1.06
250124,1.04
271389,Not Available
310019,1.07
50488,1.04
50108,0.98
420103,0.94
181320,Not Available
143302,Not Available
450610,1.01
171317,Not Available
220065,0.96
451311,Not Available
511303,Not Available
501301,Not Available
670106,1.1
260102,0.87
441301,Not Available
670071,1
180066,0.93
440015,0.97
390151,0.92
240076,0.85
500053,0.92
280128,0.99
250002,1.03
361322,Not Available
370113,1.02
500008,1
50423,1.01
450508,1.15
450082,1.07
100213,1.02
50348,1.01
10073,0.92
110122,0.98
340097,1.03
441307,Not Available
310084,1.13
470005,0.96
110083,0.96
131323,Not Available
430093,Not Available
30138,Not Available
100220,1.02
50002,1.1
281348,Not Available
30094,1.05
141302,Not Available
400007,Not Available
241363,Not Available
10058,1.04
521343,Not Available
450040,1.06
170182,1
450021,1.02
151334,Not Available
10101,0.98
171365,Not Available
450447,0.98
100176,1.05
370022,0.97
280023,0.98
360017,1
380004,0.93
171333,Not Available
440153,0.92
390062,1.01
151318,Not Available
281365,Not Available
340020,0.92
50329,1.03
520083,0.93
390174,1
201308,Not Available
330094,1.03
320002,0.91
100256,1.01
40010,0.94
230031,0.89
150037,1.07
220176,1.04
440029,1
170075,0.93
31317,Not Available
371307,Not Available
10038,1
140110,1.01
180049,0.98
50382,1.13
360078,0.98
141322,Not Available
100117,1.02
230141,0.98
100281,1.05
520002,0.84
190041,1.02
670059,1.13
50026,1.01
500011,0.94
390117,0.98
521326,Not Available
321301,Not Available
100276,1.07
420071,1.1
161350,Not Available
521344,Not Available
500030,0.93
360358,Not Available
50242,0.97
510039,0.99
60010,0.92
351310,Not Available
100022,1.05
390068,0.97
360150,1
51312,Not Available
370202,1.03
450411,1.11
440109,0.96
360096,0.89
291307,Not Available
340168,0.96
50091,1.03
161306,Not Available
200031,0.9
40062,1.04
451347,Not Available
320057,Not Available
330056,1.02
50126,1.1
21313,Not Available
450241,0.89
450661,1.01
451380,Not Available
370237,0.89
41308,Not Available
41311,Not Available
10008,0.99
50071,0.88
490066,0.91
450054,0.98
241330,Not Available
30055,0.95
110024,1.05
100132,1.08
521312,Not Available
221302,Not Available
30077,1.13
450723,1.08
151301,Not Available
150059,1.05
50150,0.9
493302,Not Available
190307,Not Available
161365,Not Available
180018,0.91
251324,Not Available
390307,Not Available
241314,Not Available
490022,0.98
371319,Not Available
490037,0.92
370054,0.89
390278,0.76
460007,0.92
50701,0.95
50014,0.96
531307,Not Available
50205,1.4
10169,0.93
100150,0.99
360185,1.03
440056,1
443303,Not Available
40017,0.9
501330,Not Available
511306,Not Available
450584,0.99
320021,0.96
50441,0.99
451358,Not Available
150112,0.95
180104,1.02
450856,0.92
450653,1.05
230230,0.98
421304,Not Available
281332,Not Available
440193,1.09
170203,0.95
310052,1.1
140161,0.94
101309,Not Available
50568,0.9
390090,1.02
160057,0.91
100070,1.08
261302,Not Available
121307,Not Available
190164,1.06
61317,Not Available
260052,0.97
111336,Not Available
340041,0.97
150009,1
181302,Not Available
50313,1
140211,1.03
330397,0.99
231304,Not Available
260183,0.98
370228,0.93
310074,1.04
360270,0.96
381322,Not Available
210009,Not Available
341315,Not Available
100204,1
510002,0.93
450672,1.05
431331,Not Available
241353,Not Available
110105,1
60116,0.97
330045,1.01
161343,Not Available
400118,Not Available
453302,Not Available
290041,1.12
381320,Not Available
50761,1.03
130014,0.94
230104,1.01
70022,1.01
90004,1.02
251331,Not Available
301312,Not Available
140145,1
350006,0.96
390142,1.03
440176,1.01
110092,1
420030,0.96
230066,0.94
150157,1
230197,0.98
171350,Not Available
20024,0.9
440057,0.96
300019,0.94
330011,0.88
100126,1.07
50047,0.95
490104,Not Available
100319,0.99
190008,1.05
281308,Not Available
110036,1.04
50357,0.95
131319,Not Available
210065,Not Available
50300,1.02
60071,0.93
260017,1.06
100228,1.05
100007,1.02
361334,Not Available
100029,1.15
141309,Not Available
271333,Not Available
241371,Not Available
110190,Not Available
240002,0.98
240088,0.91
371334,Not Available
330084,0.85
150166,1.06
310119,1.12
50541,0.97
360072,0.97
451329,Not Available
191307,Not Available
220110,1.03
50133,0.95
140062,1.01
450372,1.06
341304,Not Available
191305,Not Available
141335,Not Available
340051,0.97
261316,Not Available
390225,0.96
141342,Not Available
51325,Not Available
420091,0.98
140116,1.01
50397,Not Available
351305,Not Available
330059,0.99
461305,Not Available
170109,0.99
100266,0.92
330180,0.94
281361,Not Available
330277,0.88
500064,1.06
390327,0.95
151323,Not Available
400013,Not Available
381307,Not Available
271316,Not Available
170133,0.93
371332,Not Available
53311,Not Available
151316,Not Available
171322,Not Available
250025,0.99
451315,Not Available
441313,Not Available
111320,Not Available
50755,1.1
270086,0.84
431338,Not Available
220108,0.95
60130,1
170187,1
150173,1.02
520037,0.99
50523,0.95
281344,Not Available
370015,0.95
450808,1
511316,Not Available
110005,0.94
390110,1.02
110200,0.97
440082,1.01
161370,Not Available
450340,1.04
210057,Not Available
363300,Not Available
90011,1.01
501313,Not Available
340186,0.92
461302,Not Available
100181,1.05
271338,Not Available
380051,0.92
30068,1.04
10095,0.94
460049,0.94
10033,0.98
460003,1
670053,1.13
390217,1.02
210060,Not Available
450029,1.02
30130,0.91
40026,1.04
500150,0.87
490120,0.94
450187,0.92
280133,0.88
100249,1.01
181306,Not Available
10131,0.97
171337,Not Available
310025,1.1
330204,0.92
110165,0.95
10120,1.07
431306,Not Available
201312,Not Available
161301,Not Available
111300,Not Available
450641,0.98
31311,Not Available
150026,1.02
351325,Not Available
450827,1.05
360044,1.01
50038,1.02
210024,Not Available
380056,0.9
70016,1.02
271315,Not Available
210002,Not Available
670110,1.13
310045,1.06
440068,1.01
390115,1.02
50464,0.99
491305,Not Available
100287,1.09
520028,0.92
161375,Not Available
160008,0.99
490005,0.95
450107,1.04
250038,0.92
171361,Not Available
450867,1
140043,0.96
460026,1.03
50686,1.02
500024,0.93
260065,0.98
50235,1.04
60014,1.06
240038,0.97
371312,Not Available
670077,1.04
431319,Not Available
520102,0.92
450064,1.07
20008,0.89
30007,0.98
340159,0.98
390184,1.01
450289,0.96
150101,0.9
41326,Not Available
40147,0.9
171346,Not Available
390076,1.01
390192,0.98
320060,0.75
490136,1.01
50121,0.94
50604,0.9
670043,0.98
310005,0.99
330233,1
291312,Not Available
100135,1.05
390009,1.04
450222,1.1
391304,Not Available
390056,0.98
150075,0.91
50139,0.83
30036,1.03
520075,0.94
490011,0.98
251308,Not Available
650001,Not Available
180012,0.96
361316,Not Available
50549,1.02
220024,0.98
670129,Not Available
151305,Not Available
110064,1.05
531303,Not Available
521331,Not Available
220074,1.01
281323,Not Available
450133,1.17
330235,0.92
400110,Not Available
50194,0.95
11304,Not Available
110045,0.86
220029,1.05
361300,Not Available
370171,0.9
111306,Not Available
521300,Not Available
110030,0.93
360012,0.99
440218,0.89
241336,Not Available
190002,1.05
180070,0.96
330245,1.02
140184,0.96
381301,Not Available
230244,0.99
50100,0.97
310029,1.03
161333,Not Available
61312,Not Available
340130,0.99
171303,Not Available
50776,1.19
230055,0.96
330208,1.05
451362,Not Available
330136,0.97
520196,0.99
261322,Not Available
191326,Not Available
230176,0.99
40074,1.33
261324,Not Available
241368,Not Available
161360,Not Available
120001,0.96
250100,0.97
490093,0.95
100084,1
51308,Not Available
390026,1.04
160080,0.96
60124,0.89
390002,1.01
290021,1.1
190086,1.13
501326,Not Available
210045,Not Available
100050,1.19
61336,Not Available
263302,Not Available
450755,0.97
351300,Not Available
400124,Not Available
370215,0.98
240207,0.89
330141,1.1
260009,0.86
451393,Not Available
50625,1.05
131314,Not Available
340120,0.86
360352,0.96
241319,Not Available
140233,1.05
161319,Not Available
190298,1.02
231319,Not Available
40118,1.02
230303,0.87
450155,0.82
390266,1.01
510050,1.07
53306,Not Available
161338,Not Available
350015,0.91
271301,Not Available
50668,Not Available
430013,0.94
50510,0.81
451376,Not Available
130049,1.02
50228,0.96
370158,0.95
70039,1.08
41300,Not Available
210038,Not Available
340090,0.95
341320,Not Available
390332,Not Available
100313,0.9
520207,0.95
241303,Not Available
21306,Not Available
490053,0.98
300034,1.01
450563,1.02
111313,Not Available
160082,0.92
201302,Not Available
420020,0.91
110130,0.83
321305,Not Available